ds,y_test,y_pred
2020-07-11 22:00:00,44.14,51.27350288236066
2020-07-11 23:00:00,39.48,47.31556669224243
2020-07-12 00:00:00,36.44,45.31127188325267
2020-07-12 01:00:00,35.2,45.00827628374266
2020-07-12 02:00:00,34.79,45.00563855081053
2020-07-12 03:00:00,34.05,45.47240469377139
2020-07-12 04:00:00,33.89,46.92359144159748
2020-07-12 05:00:00,35.66,49.451985685208975
2020-07-12 06:00:00,34.86,49.66023334430505
2020-07-12 07:00:00,35.08,50.15167190380668
2020-07-12 08:00:00,35.76,48.96110431018429
2020-07-12 09:00:00,34.95,49.267964262447755
2020-07-12 10:00:00,36.19,50.531060917514885
2020-07-12 11:00:00,103.65,115.5380954452144
2020-07-12 12:00:00,105.02,114.25967414116273
2020-07-12 13:00:00,102.76,112.68744191858204
2020-07-12 14:00:00,101.61,112.04718849488488
2020-07-12 15:00:00,102.58,113.87791682991035
2020-07-12 16:00:00,105.06,116.94424322549585
2020-07-12 17:00:00,112.28,118.78798685004743
2020-07-12 18:00:00,115.04,120.36828606651771
2020-07-12 19:00:00,115.94,120.06150963615697
2020-07-12 20:00:00,118.12,119.87106003340524
2020-07-12 21:00:00,48.03,50.842386119982294
2020-07-12 22:00:00,45.67,50.12810154860084
2020-07-12 23:00:00,38.33,46.30293201723923
2020-07-13 00:00:00,35.98,44.553022243399106
2020-07-13 01:00:00,36.31,44.47380687843487
2020-07-13 02:00:00,36.22,44.649477927124295
2020-07-13 03:00:00,37.52,45.25065083160821
2020-07-13 04:00:00,46.3,46.80074545157136
2020-07-13 05:00:00,50.9,49.402587590187466
2020-07-13 06:00:00,48.42,49.66776780362238
2020-07-13 07:00:00,48.05,50.2032248736339
2020-07-13 08:00:00,45.07,49.04742402230292
2020-07-13 09:00:00,43.44,49.45605832214882
2020-07-13 10:00:00,44.08,50.73716308770809
2020-07-13 11:00:00,110.38,115.687767271763
2020-07-13 12:00:00,110.07,114.42326311045065
2020-07-13 13:00:00,108.38,112.86079110857905
2020-07-13 14:00:00,109.55,112.2269735251077
2020-07-13 15:00:00,113.2,114.05934642676836
2020-07-13 16:00:00,111.86,117.12372933493263
2020-07-13 17:00:00,111.99,118.96492801034182
2020-07-13 18:00:00,115.22,120.54497773560861
2020-07-13 19:00:00,115.48,120.23935160531258
2020-07-13 20:00:00,115.56,120.05146149543579
2020-07-13 21:00:00,45.29,51.102438657839556
2020-07-13 22:00:00,45.11,50.38813011135291
2020-07-13 23:00:00,39.99,46.4951201891114
2020-07-14 00:00:00,38.16,44.748967162222506
2020-07-14 01:00:00,38.27,44.67183929252282
2020-07-14 02:00:00,37.48,44.84820371466822
2020-07-14 03:00:00,37.1,45.446774901934006
2020-07-14 04:00:00,37.88,46.99176388953415
2020-07-14 05:00:00,38.45,49.588634329791624
2020-07-14 06:00:00,43.07,49.85180057549196
2020-07-14 07:00:00,46.28,50.38702838827429
2020-07-14 08:00:00,45.71,49.23279898802273
2020-07-14 09:00:00,46.08,49.7181399855755
2020-07-14 10:00:00,46.7,50.99859045062112
2020-07-14 11:00:00,112.81,115.8789278559742
2020-07-14 12:00:00,112.48,114.61784110038275
2020-07-14 13:00:00,112.0,113.05725871636002
2020-07-14 14:00:00,111.43,112.42397799619067
2020-07-14 15:00:00,114.13,114.2535798788373
2020-07-14 16:00:00,113.29,117.31271591648662
2020-07-14 17:00:00,112.95,119.14889547858273
2020-07-14 18:00:00,111.33,120.72683689817977
2020-07-14 19:00:00,112.5,120.42096446216092
2020-07-14 20:00:00,111.13,120.2345828468135
2020-07-14 21:00:00,42.75,51.364249266662156
2020-07-14 22:00:00,45.87,50.649329362711924
2020-07-14 23:00:00,37.43,46.688194676969204
2020-07-15 00:00:00,36.13,44.945459651589516
2020-07-15 01:00:00,35.96,44.87016689505328
2020-07-15 02:00:00,35.99,45.047037454831944
2020-07-15 03:00:00,36.13,45.64287368402531
2020-07-15 04:00:00,37.26,47.18266431454555
2020-07-15 05:00:00,37.71,49.77449606536989
2020-07-15 06:00:00,41.04,50.035594296468034
2020-07-15 07:00:00,43.47,50.570549365855165
2020-07-15 08:00:00,40.42,49.417854915261756
2020-07-15 09:00:00,36.7,49.97970166658154
2020-07-15 10:00:00,42.37,51.2594807129183
2020-07-15 11:00:00,110.27,116.06969440370591
2020-07-15 12:00:00,108.19,114.81200687255784
2020-07-15 13:00:00,108.85,113.25330206199902
2020-07-15 14:00:00,109.33,112.6205511591998
2020-07-15 15:00:00,107.58,114.44738387192781
2020-07-15 16:00:00,102.01,117.50128158969105
2020-07-15 17:00:00,103.97,119.3324509734336
2020-07-15 18:00:00,109.4,120.90828697166424
2020-07-15 19:00:00,113.06,120.60216742928377
2020-07-15 20:00:00,112.98,120.41728981615658
2020-07-15 21:00:00,41.15,51.62546868115713
2020-07-15 22:00:00,46.6,50.90993828823812
2020-07-15 23:00:00,42.52,46.88083515045767
2020-07-16 00:00:00,37.38,45.141510066216384
2020-07-16 01:00:00,37.62,45.068047966434264
2020-07-16 02:00:00,37.09,45.245423304430666
2020-07-16 03:00:00,37.8,45.83853067831807
2020-07-16 04:00:00,38.86,47.37313468288898
2020-07-16 05:00:00,46.38,49.95993906266664
2020-07-16 06:00:00,45.53,50.218973953037185
2020-07-16 07:00:00,46.31,50.753656825135906
2020-07-16 08:00:00,46.14,49.60249384456556
2020-07-16 09:00:00,46.1,50.24067055715431
2020-07-16 10:00:00,47.21,51.51977962098116
2020-07-16 11:00:00,115.51,116.26002621906736
2020-07-16 12:00:00,114.68,115.00573018022139
2020-07-16 13:00:00,113.62,113.44889872932417
2020-07-16 14:00:00,113.36,112.81667646440133
2020-07-16 15:00:00,112.78,114.64074623847098
2020-07-16 16:00:00,112.15,117.68941745624112
2020-07-16 17:00:00,112.25,119.51558804197852
2020-07-16 18:00:00,112.57,121.08932334521182
2020-07-16 19:00:00,113.44,120.7829572836245
2020-07-16 20:00:00,113.02,120.59958022972317
2020-07-16 21:00:00,45.13,51.88609590739725
2020-07-16 22:00:00,45.89,51.16995647614618
2020-07-16 23:00:00,40.0,47.07304128132542
2020-07-17 00:00:00,36.61,45.33711842446222
2020-07-17 01:00:00,36.61,45.26548278129903
2020-07-17 02:00:00,36.61,45.443361725745156
2020-07-17 03:00:00,37.29,46.033746471634565
2020-07-17 04:00:00,38.53,47.56317565853988
2020-07-17 05:00:00,38.44,50.14496403778511
2020-07-17 06:00:00,39.42,50.40194030902442
2020-07-17 07:00:00,40.59,50.936351572428066
2020-07-17 08:00:00,39.69,49.78671662291396
2020-07-17 09:00:00,39.65,50.50104792741342
2020-07-17 10:00:00,43.09,51.77948846010278
2020-07-17 11:00:00,111.59,116.44992424620253
2020-07-17 12:00:00,111.37,115.19901199540345
2020-07-17 13:00:00,110.11,113.64404970768194
2020-07-17 14:00:00,109.44,113.0123549096371
2020-07-17 15:00:00,108.83,114.83366796655011
2020-07-17 16:00:00,107.46,117.87712448070096
2020-07-17 17:00:00,110.83,119.69830762543737
2020-07-17 18:00:00,112.14,121.26994695116966
2020-07-17 19:00:00,113.42,120.96333495757776
2020-07-17 20:00:00,113.63,120.78145502874773
2020-07-17 21:00:00,46.83,52.14613228545015
2020-07-17 22:00:00,45.48,51.4293852637946
2020-07-17 23:00:00,40.94,47.2648140527761
2020-07-18 00:00:00,37.77,45.53228572734266
2020-07-18 01:00:00,37.61,45.46247235043066
2020-07-18 02:00:00,36.93,45.64085373239919
2020-07-18 03:00:00,36.66,46.228522063618776
2020-07-18 04:00:00,36.82,47.752788214476574
2020-07-18 05:00:00,38.2,50.32957193800678
2020-07-18 06:00:00,37.53,50.58449430106488
2020-07-18 07:00:00,37.91,51.11863454307691
2020-07-18 08:00:00,37.94,49.97052419347939
2020-07-18 09:00:00,38.05,50.76083511815861
2020-07-18 10:00:00,42.43,52.03860856781328
2020-07-18 11:00:00,109.84,116.63938946846389
2020-07-18 12:00:00,110.42,115.39185331893148
2020-07-18 13:00:00,104.8,113.8387560074187
2020-07-18 14:00:00,103.5,113.20758750791288
2020-07-18 15:00:00,104.02,115.02615005507346
2020-07-18 16:00:00,111.87,118.06440363524327
2020-07-18 17:00:00,115.73,119.88061067024016
2020-07-18 18:00:00,116.52,121.45015872527715
2020-07-18 19:00:00,115.92,121.14330138555239
2020-07-18 20:00:00,117.78,120.96291515542575
2020-07-18 21:00:00,49.98,52.40557915466594
2020-07-18 22:00:00,50.97,51.68822598724992
2020-07-18 23:00:00,48.86,47.45615444708894
2020-07-19 00:00:00,45.11,45.727012974582216
2020-07-19 01:00:00,42.54,45.6590176830543
2020-07-19 02:00:00,39.93,45.837900336268696
2020-07-19 03:00:00,39.65,46.422858452060986
2020-07-19 04:00:00,38.98,47.94197332178101
2020-07-19 05:00:00,38.34,50.51376370869773
2020-07-19 06:00:00,37.08,50.76663686384446
2020-07-19 07:00:00,37.02,51.30050667043791
2020-07-19 08:00:00,36.92,50.15391749739421
2020-07-19 09:00:00,36.53,51.02003346722375
2020-07-19 10:00:00,37.72,52.297141278665954
2020-07-19 11:00:00,103.33,116.82842286701629
2020-07-19 12:00:00,103.18,115.58425514939542
2020-07-19 13:00:00,101.75,114.03301863661397
2020-07-19 14:00:00,101.37,113.40237526995578
2020-07-19 15:00:00,102.02,115.21819350069829
2020-07-19 16:00:00,106.27,118.2512558898471
2020-07-19 17:00:00,113.75,120.06249812067915
2020-07-19 18:00:00,114.96,121.62995960115838
2020-07-19 19:00:00,115.07,121.32285749984355
2020-07-19 20:00:00,117.8,121.14396154982036
2020-07-19 21:00:00,47.95,52.66443785136123
2020-07-19 22:00:00,42.71,51.94647997955187
2020-07-19 23:00:00,37.88,47.64706344431772
2020-07-20 00:00:00,36.53,45.92130116363997
2020-07-20 01:00:00,36.82,45.85511978610783
2020-07-20 02:00:00,36.66,46.03450254693609
2020-07-20 03:00:00,37.35,46.61675663248972
2020-07-20 04:00:00,46.21,48.130731949333814
2020-07-20 05:00:00,49.4,50.69754029308088
2020-07-20 06:00:00,49.04,50.94836892993002
2020-07-20 07:00:00,48.15,51.48196888575049
2020-07-20 08:00:00,45.92,50.336897473657004
2020-07-20 09:00:00,45.98,51.27864430940965
2020-07-20 10:00:00,47.84,52.5550879241885
2020-07-20 11:00:00,113.82,117.01702542079995
2020-07-20 12:00:00,113.68,115.77621848312116
2020-07-20 13:00:00,113.06,114.22683860106184
2020-07-20 14:00:00,111.48,113.59671920420153
2020-07-20 15:00:00,111.07,115.40979929782239
2020-07-20 16:00:00,114.48,118.43768221229254
2020-07-20 17:00:00,115.4,120.24397091890586
2020-07-20 18:00:00,116.81,121.8093505103209
2020-07-20 19:00:00,117.44,121.50200423063288
2020-07-20 20:00:00,117.44,121.32459514986355
2020-07-20 21:00:00,48.18,52.922709708823305
2020-07-20 22:00:00,41.66,52.204148570718445
2020-07-20 23:00:00,37.7,47.837542022294826
2020-07-21 00:00:00,36.57,46.11515128971423
2020-07-21 01:00:00,37.03,46.050779664246896
2020-07-21 02:00:00,37.06,46.230661371695646
2020-07-21 03:00:00,38.03,46.81021759817726
2020-07-21 04:00:00,44.77,48.319065063819764
2020-07-21 05:00:00,49.2,50.8809026322415
2020-07-21 06:00:00,48.6,51.12969142977496
2020-07-21 07:00:00,48.14,51.663022118143616
2020-07-21 08:00:00,47.56,50.51946505913834
2020-07-21 09:00:00,47.27,51.5366689764919
2020-07-21 10:00:00,47.86,52.81244983289079
2020-07-21 11:00:00,113.55,117.20519810653661
2020-07-21 12:00:00,113.79,115.9677443141766
2020-07-21 13:00:00,113.18,114.42021690427684
2020-07-21 14:00:00,113.57,113.79062031680027
2020-07-21 15:00:00,113.67,115.60096843858973
2020-07-21 16:00:00,115.87,118.6236835681662
2020-07-21 17:00:00,118.85,120.42503000493646
2020-07-21 18:00:00,118.03,121.98833238216099
2020-07-21 19:00:00,117.06,121.68074250599373
2020-07-21 20:00:00,116.53,121.50481689136151
2020-07-21 21:00:00,48.82,53.18039605731741
2020-07-21 22:00:00,52.02,52.4612330877529
2020-07-21 23:00:00,51.53,48.02759115663615
2020-07-22 00:00:00,49.85,46.30856434574742
2020-07-22 01:00:00,50.34,46.24599831984983
2020-07-22 02:00:00,50.55,46.42637781555827
2020-07-22 03:00:00,52.14,47.00324234014427
2020-07-22 04:00:00,51.6,48.50697362973231
2020-07-22 05:00:00,51.65,51.06385166513156
2020-07-22 06:00:00,51.59,51.31060529172345
2020-07-22 07:00:00,51.91,51.84366729464003
2020-07-22 08:00:00,51.32,50.701621188585015
2020-07-22 09:00:00,51.12,51.79410879722713
2020-07-22 10:00:00,51.41,53.069228330271145
2020-07-22 11:00:00,116.75,117.39294189873381
2020-07-22 12:00:00,116.21,116.15883363437612
2020-07-22 13:00:00,115.27,114.61315454749854
2020-07-22 14:00:00,115.99,113.98407961162117
2020-07-22 15:00:00,114.97,115.79170191289509
2020-07-22 16:00:00,118.09,118.80926092086563
2020-07-22 17:00:00,120.29,120.60567631665594
2020-07-22 18:00:00,120.69,122.16690614396786
2020-07-22 19:00:00,118.78,121.85907325189544
2020-07-22 20:00:00,118.53,121.68462770799879
2020-07-22 21:00:00,50.71,53.43749822409302
2020-07-22 22:00:00,53.76,52.717734854650175
2020-07-22 23:00:00,53.18,48.21721182074582
2020-07-23 00:00:00,51.97,46.50154132243093
2020-07-23 01:00:00,52.34,46.44077675302252
2020-07-23 02:00:00,52.3,46.62165288125647
2020-07-23 03:00:00,52.4,47.195831847164754
2020-07-23 04:00:00,52.5,48.69445860937836
2020-07-23 05:00:00,53.35,51.24638832857436
2020-07-23 06:00:00,53.71,51.491111442015054
2020-07-23 07:00:00,53.17,52.02390534016085
2020-07-23 08:00:00,53.36,50.883366794624706
2020-07-23 09:00:00,53.67,52.050965097359686
2020-07-23 10:00:00,54.47,53.32542473882299
2020-07-23 11:00:00,119.77,117.5802577696899
2020-07-23 12:00:00,120.63,116.34948743328574
2020-07-23 13:00:00,119.04,114.80565252969687
2020-07-23 14:00:00,119.36,114.17709809025786
2020-07-23 15:00:00,118.28,115.98200070838939
2020-07-23 16:00:00,119.32,118.99441523160466
2020-07-23 17:00:00,120.39,120.78591078982353
2020-07-23 18:00:00,120.98,122.34507272092897
2020-07-23 19:00:00,119.62,122.0369973922085
2020-07-23 20:00:00,119.55,121.86402853134369
2020-07-23 21:00:00,50.33,53.69401753339119
2020-07-23 22:00:00,46.98,52.97365519240411
2020-07-23 23:00:00,40.64,48.406404985821574
2020-07-24 00:00:00,39.11,46.69408320821056
2020-07-24 01:00:00,39.34,46.63511596160391
2020-07-24 02:00:00,39.33,46.81648756924988
2020-07-24 03:00:00,39.46,47.38798710577146
2020-07-24 04:00:00,40.74,48.88152096288355
2020-07-24 05:00:00,47.14,51.428513557269724
2020-07-24 06:00:00,50.09,51.671210804789844
2020-07-24 07:00:00,50.86,52.20373717753071
2020-07-24 08:00:00,50.32,51.06470280777109
2020-07-24 09:00:00,50.48,52.3072391996288
2020-07-24 10:00:00,51.15,53.58104037804201
2020-07-24 11:00:00,117.71,117.76714668949924
2020-07-24 12:00:00,117.4,116.53970669822829
2020-07-24 13:00:00,116.2,114.99771184757714
2020-07-24 14:00:00,116.24,114.36967675203331
2020-07-24 15:00:00,112.45,116.17186581048445
2020-07-24 16:00:00,110.24,119.17914745941786
2020-07-24 17:00:00,112.69,120.96573435807677
2020-07-24 18:00:00,113.68,122.52283303613402
2020-07-24 19:00:00,113.71,122.21451584870871
2020-07-24 20:00:00,114.33,122.04302029085233
2020-07-24 21:00:00,45.93,53.949955306450676
2020-07-24 22:00:00,45.69,53.22899541901364
2020-07-24 23:00:00,41.24,48.59517162085922
2020-07-25 00:00:00,39.35,46.88619098929105
2020-07-25 01:00:00,44.47,46.82901694117061
2020-07-25 02:00:00,45.97,47.010882877729834
2020-07-25 03:00:00,48.85,47.579709100260416
2020-07-25 04:00:00,46.37,49.068161648196686
2020-07-25 05:00:00,46.86,51.61022828379825
2020-07-25 06:00:00,49.57,51.85090430209261
2020-07-25 07:00:00,49.83,52.38316372748192
2020-07-25 08:00:00,47.27,51.245630156428135
2020-07-25 09:00:00,46.91,52.56293242377487
2020-07-25 10:00:00,46.85,53.83607656443238
2020-07-25 11:00:00,114.21,117.95360962605679
2020-07-25 12:00:00,111.36,116.72949241428819
2020-07-25 13:00:00,106.01,115.18933349558513
2020-07-25 14:00:00,104.11,114.56181659400521
2020-07-25 15:00:00,103.86,116.36129820235843
2020-07-25 16:00:00,104.63,119.36345856116608
2020-07-25 17:00:00,107.89,121.14514795293714
2020-07-25 18:00:00,108.75,122.70018801058062
2020-07-25 19:00:00,110.38,122.39162954108274
2020-07-25 20:00:00,110.7,122.22160391387426
2020-07-25 21:00:00,40.88,54.20531286151564
2020-07-25 22:00:00,46.66,53.48375684949049
2020-07-25 23:00:00,42.71,48.783512692658476
2020-07-26 00:00:00,40.73,47.07786564964212
2020-07-26 01:00:00,41.45,47.02248068504297
2020-07-26 02:00:00,41.43,47.20483980262549
2020-07-26 03:00:00,41.51,47.770998812697
2020-07-26 04:00:00,42.34,49.25438162109563
2020-07-26 05:00:00,41.59,51.79153343862713
2020-07-26 06:00:00,41.33,52.0301928538786
2020-07-26 07:00:00,40.64,52.562185908660254
2020-07-26 08:00:00,37.81,51.42614976689586
2020-07-26 09:00:00,37.73,52.81804608654726
2020-07-26 10:00:00,37.82,54.090534611514634
2020-07-26 11:00:00,104.05,118.13964754506404
2020-07-26 12:00:00,104.87,116.91884556431735
2020-07-26 13:00:00,103.36,115.38051846591274
2020-07-26 14:00:00,103.07,114.7535186109712
2020-07-26 15:00:00,102.99,116.55029886496081
2020-07-26 16:00:00,103.11,119.54734949154098
2020-07-26 17:00:00,105.67,121.32415250381432
2020-07-26 18:00:00,109.66,122.87713856317839
2020-07-26 19:00:00,116.47,122.56833938693218
2020-07-26 20:00:00,118.77,122.39978032565666
2020-07-26 21:00:00,52.57,54.46009151384166
2020-07-26 22:00:00,53.18,53.7379407958651
2020-07-26 23:00:00,52.93,48.97142916582714
2020-07-27 00:00:00,50.5,47.26910817100262
2020-07-27 01:00:00,47.75,47.2155081842893
2020-07-27 02:00:00,47.63,47.39835933760808
2020-07-27 03:00:00,47.37,47.961857222920045
2020-07-27 04:00:00,49.76,49.4401818351913
2020-07-27 05:00:00,50.2,51.97242995011397
2020-07-27 06:00:00,49.87,52.209077378017355
2020-07-27 07:00:00,50.28,52.74080463762872
2020-07-27 08:00:00,49.79,51.606262563374194
2020-07-27 09:00:00,50.56,53.07258150171016
2020-07-27 10:00:00,50.45,54.34441582983139
2020-07-27 11:00:00,115.74,118.3252614100331
2020-07-27 12:00:00,115.78,117.10776712893956
2020-07-27 13:00:00,114.38,115.57126774850272
2020-07-27 14:00:00,112.04,114.94478379547408
2020-07-27 15:00:00,113.52,116.7388687770177
2020-07-27 16:00:00,114.11,119.7308212030705
2020-07-27 17:00:00,115.35,121.50274893801162
2020-07-27 18:00:00,113.97,123.05368561075441
2020-07-27 19:00:00,116.09,122.74464630177913
2020-07-27 20:00:00,116.33,122.57755044934984
2020-07-27 21:00:00,47.86,54.714292575703425
2020-07-27 22:00:00,46.44,53.99154856719426
2020-07-27 23:00:00,40.83,49.1589220027868
2020-07-28 00:00:00,40.44,47.459919532886296
2020-07-28 01:00:00,40.91,47.408100427731576
2020-07-28 02:00:00,41.0,47.591442474096525
2020-07-28 03:00:00,41.2,48.15228530854746
2020-07-28 04:00:00,41.36,49.62556324193312
2020-07-28 05:00:00,46.65,52.15291874451213
2020-07-28 06:00:00,50.51,52.387558790297874
2020-07-28 07:00:00,50.83,52.91902082887276
2020-07-28 08:00:00,50.17,51.78596946796815
2020-07-28 09:00:00,50.9,53.32653998004975
2020-07-28 10:00:00,50.96,54.597721526954594
2020-07-28 11:00:00,115.95,118.51045218229196
2020-07-28 12:00:00,115.15,117.29625808655558
2020-07-28 13:00:00,110.63,115.76158233105357
2020-07-28 14:00:00,107.78,115.13561313780642
2020-07-28 15:00:00,109.38,116.92700891503627
2020-07-28 16:00:00,112.72,119.91387464612296
2020-07-28 17:00:00,114.31,121.68093818072988
2020-07-28 18:00:00,112.91,123.22983006805703
2020-07-28 19:00:00,112.92,122.92055119906985
2020-07-28 20:00:00,116.12,122.75491520601098
2020-07-28 21:00:00,47.74,54.967917356400434
2020-07-28 22:00:00,44.35,54.244581469566995
2020-07-28 23:00:00,38.87,49.34599216377722
2020-07-29 00:00:00,38.78,47.65030071258643
2020-07-29 01:00:00,38.87,47.60025840195031
2020-07-29 02:00:00,38.49,47.784090201262494
2020-07-29 03:00:00,38.82,48.342284044981184
2020-07-29 04:00:00,41.64,49.8105267906139
2020-07-29 05:00:00,49.19,52.33300074597547
2020-07-29 06:00:00,49.75,52.56563800443343
2020-07-29 07:00:00,50.13,53.09683539480505
2020-07-29 08:00:00,50.41,51.96527140069273
2020-07-29 09:00:00,51.37,53.57992282938116
2020-07-29 10:00:00,51.59,54.85045300749242
2020-07-29 11:00:00,117.76,118.69522082098977
2020-07-29 12:00:00,117.14,117.48431941334869
2020-07-29 13:00:00,116.54,115.95146319902526
2020-07-29 14:00:00,116.35,115.32600762601633
2020-07-29 15:00:00,116.97,117.11472025331045
2020-07-29 16:00:00,118.05,120.09651076891271
2020-07-29 17:00:00,119.97,121.85872115507303
2020-07-29 18:00:00,120.15,123.40557284776136
2020-07-29 19:00:00,119.77,123.09605499018038
2020-07-29 20:00:00,121.67,122.93187551460977
2020-07-29 21:00:00,52.71,55.22096716226457
2020-07-29 22:00:00,51.8,54.49704080611184
2020-07-29 23:00:00,50.5,49.53264060686145
2020-07-30 00:00:00,45.45,47.8402526851808
2020-07-30 01:00:00,45.86,47.79198309128937
2020-07-30 02:00:00,45.79,47.97630350603504
2020-07-30 03:00:00,46.52,48.53185440541172
2020-07-30 04:00:00,47.22,49.99507342837416
2020-07-30 05:00:00,52.41,52.512676876562544
2020-07-30 06:00:00,51.74,52.743315932065634
2020-07-30 07:00:00,52.17,53.27424924576952
2020-07-30 08:00:00,51.12,52.14416927947694
2020-07-30 09:00:00,51.68,53.832731354554404
2020-07-30 10:00:00,52.59,55.10261157309519
2020-07-30 11:00:00,118.36,118.87956828310091
2020-07-30 12:00:00,118.24,117.6719520832887
2020-07-30 13:00:00,118.02,116.14091133564324
2020-07-30 14:00:00,117.9,115.51596824591162
2020-07-30 15:00:00,117.95,117.30200376392507
2020-07-30 16:00:00,119.24,120.27873051750412
2020-07-30 17:00:00,120.35,122.03609878205195
2020-07-30 18:00:00,122.15,123.58091486047313
2020-07-30 19:00:00,122.72,123.27115858442026
2020-07-30 20:00:00,122.58,123.10843229203223
2020-07-30 21:00:00,53.43,55.47344329666606
2020-07-30 22:00:00,51.36,54.74892787700311
2020-07-30 23:00:00,46.13,49.71886828793071
2020-07-31 00:00:00,49.88,48.02977642353694
2020-07-31 01:00:00,48.84,47.983275477861426
2020-07-31 02:00:00,49.55,48.16808337310624
2020-07-31 03:00:00,49.82,48.7209973608238
2020-07-31 04:00:00,48.7,50.17920410020774
2020-07-31 05:00:00,51.5,52.69194805624209
2020-07-31 06:00:00,53.11,52.9205934827699
2020-07-31 07:00:00,53.52,53.45126329004689
2020-07-31 08:00:00,54.02,52.322664020169405
2020-07-31 09:00:00,55.18,54.084966857462064
2020-07-31 10:00:00,56.04,55.35419852246305
2020-07-31 11:00:00,123.39,119.06349552343089
2020-07-31 12:00:00,121.41,117.85915706813817
2020-07-31 13:00:00,119.76,116.3299277219048
2020-07-31 14:00:00,119.47,115.70549598106606
2020-07-31 15:00:00,120.49,117.48886041676207
2020-07-31 16:00:00,120.55,120.46053483581764
2020-07-31 17:00:00,122.01,122.2130719805904
2020-07-31 18:00:00,123.2,123.75585701473453
2020-07-31 19:00:00,124.08,123.44586288903848
2020-07-31 20:00:00,123.08,123.28458645308663
2020-07-31 21:00:00,54.42,55.72534706002119
2020-07-31 22:00:00,49.74,55.000243979468294
2020-07-31 23:00:00,43.54,49.90467616070974
2020-08-01 00:00:00,42.12,48.218872898317294
2020-08-01 01:00:00,40.87,48.17413654155311
2020-08-01 02:00:00,40.95,48.35943078493625
2020-08-01 03:00:00,40.91,48.90971388000125
2020-08-01 04:00:00,40.49,50.362919748966455
2020-08-01 05:00:00,40.35,52.870815202897546
2020-08-01 06:00:00,41.73,53.09747156405991
2020-08-01 07:00:00,43.46,53.627878433859046
2020-08-01 08:00:00,41.87,52.50075653654274
2020-08-01 09:00:00,43.74,54.33663063704559
2020-08-01 10:00:00,46.23,55.60521515135227
2020-08-01 11:00:00,112.99,119.24700349462091
2020-08-01 12:00:00,109.45,118.04593533745678
2020-08-01 13:00:00,106.07,116.5185133365833
2020-08-01 14:00:00,105.99,115.89459181282362
2020-08-01 15:00:00,108.75,117.67529117950453
2020-08-01 16:00:00,114.34,120.64192466563371
2020-08-01 17:00:00,116.09,122.38964166752874
2020-08-01 18:00:00,115.95,123.93040021702785
2020-08-01 19:00:00,115.4,123.62016880922701
2020-08-01 20:00:00,114.65,123.46033891050706
2020-08-01 21:00:00,45.2,55.97667974979798
2020-08-01 22:00:00,42.23,55.25099040779385
2020-08-01 23:00:00,39.36,50.09006517676088
2020-08-02 00:00:00,38.53,48.40754307798356
2020-08-02 01:00:00,39.09,48.36456726002934
2020-08-02 02:00:00,38.68,48.55034672175766
2020-08-02 03:00:00,39.2,49.098004929531356
2020-08-02 04:00:00,38.82,50.54622131536438
2020-08-02 05:00:00,38.5,53.049279232331195
2020-08-02 06:00:00,38.89,53.27395108139167
2020-08-02 07:00:00,40.33,53.80409558137315
2020-08-02 08:00:00,39.23,52.67844774029772
2020-08-02 09:00:00,39.28,54.58772398930149
2020-08-02 10:00:00,39.42,55.85566275258136
2020-08-02 11:00:00,103.86,119.43009314715218
2020-08-02 12:00:00,102.47,118.23228785860593
2020-08-02 13:00:00,99.87,116.70666915623303
2020-08-02 14:00:00,99.53,116.0832567203034
2020-08-02 15:00:00,101.7,117.86129701764172
2020-08-02 16:00:00,103.72,120.82290094659773
2020-08-02 17:00:00,104.81,122.56580875762887
2020-08-02 18:00:00,111.81,124.10454537178049
2020-08-02 19:00:00,112.87,123.79407724812589
2020-08-02 20:00:00,116.22,123.63569057495863
2020-08-02 21:00:00,46.74,56.22744266052338
2020-08-02 22:00:00,42.08,55.501168453332454
2020-08-02 23:00:00,40.6,50.27503628548968
2020-08-03 00:00:00,40.25,48.59578792880236
2020-08-03 01:00:00,39.17,48.55456860873916
2020-08-03 02:00:00,38.38,48.74083216158141
2020-08-03 03:00:00,39.27,49.28587147381068
2020-08-03 04:00:00,46.27,50.72910973798352
2020-08-03 05:00:00,51.11,53.22734105826975
2020-08-03 06:00:00,51.96,53.45003293816911
2020-08-03 07:00:00,52.15,53.9799156347072
2020-08-03 08:00:00,51.61,52.855738541068895
2020-08-03 09:00:00,51.52,54.83824820728891
2020-08-03 10:00:00,51.35,56.10554261603871
2020-08-03 11:00:00,116.03,119.61276542935181
2020-08-03 12:00:00,114.32,118.41821559675466
2020-08-03 13:00:00,113.51,116.89439615519508
2020-08-03 14:00:00,114.07,116.27149168040548
2020-08-03 15:00:00,116.09,118.04687889447476
2020-08-03 16:00:00,116.63,121.00346461622547
2020-08-03 17:00:00,115.85,122.74157416357949
2020-08-03 18:00:00,117.14,124.27829338136996
2020-08-03 19:00:00,118.17,123.96758910682819
2020-08-03 20:00:00,117.77,123.81064235504242
2020-08-03 21:00:00,46.2,56.47763708379016
2020-08-03 22:00:00,42.71,55.75077940450973
2020-08-03 23:00:00,39.53,50.459590434149696
2020-08-04 00:00:00,39.79,48.78360841485005
2020-08-04 01:00:00,40.36,48.74414156092049
2020-08-04 02:00:00,39.98,48.93088808020146
2020-08-04 03:00:00,40.21,49.473314475049676
2020-08-04 04:00:00,42.21,50.91158595327828
2020-08-04 05:00:00,48.14,53.405001592368635
2020-08-04 06:00:00,51.16,53.625718035748235
2020-08-04 07:00:00,51.13,54.15533949393418
2020-08-04 08:00:00,49.23,53.032629846428755
2020-08-04 09:00:00,45.97,55.088204581135784
2020-08-04 10:00:00,47.36,56.35485602868865
2020-08-04 11:00:00,112.89,119.7950212873971
2020-08-04 12:00:00,111.15,118.60371951488399
2020-08-04 13:00:00,110.45,117.08169530560167
2020-08-04 14:00:00,109.27,116.45929766781525
2020-08-04 15:00:00,114.18,118.23203777112089
2020-08-04 16:00:00,117.25,121.18361660990728
2020-08-04 17:00:00,118.35,122.9169387960001
2020-08-04 18:00:00,118.77,124.45164514612804
2020-08-04 19:00:00,118.75,124.14070528438414
2020-08-04 20:00:00,117.68,123.9851951572996
2020-08-04 21:00:00,46.06,56.72726430826299
2020-08-04 22:00:00,45.76,55.999824546830425
2020-08-04 23:00:00,41.83,50.643728567847035
2020-08-05 00:00:00,41.11,48.97100549801746
2020-08-05 01:00:00,41.6,48.93328708760498
2020-08-05 02:00:00,43.43,49.12051545119976
2020-08-05 03:00:00,43.28,49.660334893277565
2020-08-05 04:00:00,45.06,51.09365089558023
2020-08-05 05:00:00,45.2,53.58226174421667
2020-08-05 06:00:00,47.17,53.801007273441826
2020-08-05 07:00:00,46.27,54.330368057086766
2020-08-05 08:00:00,46.07,53.20912256189247
2020-08-05 09:00:00,48.1,55.33759439804553
2020-08-05 10:00:00,49.33,56.603604274578196
2020-08-05 11:00:00,116.06,119.97686166532057
2020-08-05 12:00:00,115.61,118.78880057379207
2020-08-05 13:00:00,113.25,117.26856757738143
2020-08-05 14:00:00,109.93,116.64667565500875
2020-08-05 15:00:00,109.51,118.41677460651874
2020-08-05 16:00:00,116.33,121.36335786091324
2020-08-05 17:00:00,120.49,123.09190356344611
2020-08-05 18:00:00,121.36,124.62460156434567
2020-08-05 19:00:00,120.38,124.31342667780604
2020-08-05 20:00:00,119.8,124.15934988621646
2020-08-05 21:00:00,48.24,56.976325619685426
2020-08-05 22:00:00,49.93,56.24830516288529
2020-08-05 23:00:00,48.24,50.827451629545386
2020-08-06 00:00:00,42.55,49.15798013801489
2020-08-06 01:00:00,42.27,49.12200615762301
2020-08-06 02:00:00,42.07,49.30971524595114
2020-08-06 03:00:00,42.18,49.846933686347185
2020-08-06 04:00:00,43.33,51.27530549710279
2020-08-06 05:00:00,48.83,53.759122421340614
2020-08-06 06:00:00,49.21,53.97590154852385
2020-08-06 07:00:00,48.99,54.50500222016172
2020-08-06 08:00:00,47.09,53.385217590922345
2020-08-06 09:00:00,46.69,55.58641894230347
2020-08-06 10:00:00,49.04,56.85178863484341
2020-08-06 11:00:00,115.7,120.1582875050145
2020-08-06 12:00:00,114.85,118.97345973209883
2020-08-06 13:00:00,112.54,117.45501393826409
2020-08-06 14:00:00,112.57,116.83362661225732
2020-08-06 15:00:00,116.4,118.60109035743295
2020-08-06 16:00:00,119.71,121.5426893003976
2020-08-06 17:00:00,120.9,123.26646937241311
2020-08-06 18:00:00,124.48,124.79716353227727
2020-08-06 19:00:00,121.25,124.4857541820726
2020-08-06 20:00:00,119.29,124.33310744422877
2020-08-06 21:00:00,48.35,57.224822300886316
2020-08-06 22:00:00,50.39,56.49622253235752
2020-08-06 23:00:00,44.12,51.010760560070786
2020-08-07 00:00:00,40.77,49.344533292377065
2020-08-07 01:00:00,41.28,49.31029973760871
2020-08-07 02:00:00,42.18,49.49848843362846
2020-08-07 03:00:00,44.34,50.03311180994004
2020-08-07 04:00:00,47.29,51.45655068794616
2020-08-07 05:00:00,50.6,53.935584529209954
2020-08-07 06:00:00,49.7,54.15040175623429
2020-08-07 07:00:00,50.2,54.6792428771247
2020-08-07 08:00:00,48.76,53.56091583493266
2020-08-07 09:00:00,49.36,55.83467949528364
2020-08-07 10:00:00,52.21,57.0994103877162
2020-08-07 11:00:00,117.68,120.33929974623604
2020-08-07 12:00:00,116.6,119.15769794625112
2020-08-07 13:00:00,113.19,117.6410353537856
2020-08-07 14:00:00,115.19,117.02015150763278
2020-08-07 15:00:00,116.71,118.78498597845928
2020-08-07 16:00:00,121.13,121.7216118574038
2020-08-07 17:00:00,122.22,123.4406371273418
2020-08-07 18:00:00,125.51,124.96933194414558
2020-08-07 19:00:00,122.49,124.65768869013368
2020-08-07 20:00:00,120.62,124.50646873172656
2020-08-07 21:00:00,51.69,57.472755631786455
2020-08-07 22:00:00,51.29,56.74357793202944
2020-08-07 23:00:00,52.07,51.19365629811656
2020-08-08 00:00:00,51.35,49.53066591646812
2020-08-08 01:00:00,50.28,49.49816879200502
2020-08-08 02:00:00,50.74,49.686835981207636
2020-08-08 03:00:00,50.31,50.21887021757127
2020-08-08 04:00:00,48.86,51.637387396102206
2020-08-08 05:00:00,48.87,54.11164897124169
2020-08-08 06:00:00,45.04,54.32450878978381
2020-08-08 07:00:00,48.99,54.853090919914976
2020-08-08 08:00:00,48.01,53.73621819329441
2020-08-08 09:00:00,45.91,56.082377335455504
2020-08-08 10:00:00,47.1,57.34647080853104
2020-08-08 11:00:00,108.84,120.51989932661215
2020-08-08 12:00:00,106.29,119.34151617052785
2020-08-08 13:00:00,108.09,117.82663278729349
2020-08-08 14:00:00,105.77,117.20625130701282
2020-08-08 15:00:00,109.63,118.9684624220299
2020-08-08 16:00:00,115.1,121.90012645886966
2020-08-08 17:00:00,118.48,123.61440773062306
2020-08-08 18:00:00,119.39,125.14110769214672
2020-08-08 19:00:00,119.19,124.82923109291549
2020-08-08 20:00:00,119.29,124.67943464705928
2020-08-08 21:00:00,51.86,57.720126889405776
